OBJECT_ID,ALARM_ID,ALARM_LVL,ALARM_DESC
AGV_NODE,1,1,Agv already have a transfer command on middler get new transfer command.
AGV_NODE,2,1,Watch low power thread is charging can't do new transfer command.
AGV_NODE,3,1,Loading is off after load finished.
AGV_NODE,4,2,Carrier ID is EMPTY after load finished.
AGV_NODE,5,2,Carrier ID is ERROR after load finished.
AGV_NODE,6,1,Move finish fail.
AGV_NODE,7,1,Loading is ON after unload finished.
AGV_NODE,8,1,Fork command is exist before unload.
AGV_NODE,9,1,Vehicle is not in unload position and cannot unload.
AGV_NODE,10,1,Fork command is exist before load.
AGV_NODE,11,1,Vehicle is not in guide sections.
AGV_NODE,12,1,This address is a couple but no charge direction.
AGV_NODE,13,1,Charging is OFF after send start charge command to plc.
AGV_NODE,14,2,Charging is ON after send stop charge command to plc.
AGV_NODE,15,1,Vehicle is not in load position and cannot load.
AGV_NODE,16,1,Vehicle already have cassette cannot load.
AGV_NODE,17,1,Vehicle has no cassette to unload.
AGV_NODE,18,1,AgvcMoveCommand is not match the map to move.
AGV_NODE,19,1,Vehicle is not in transfer reject override.
AGV_NODE,20,1,Vehicle is not in moving-step reject override.
AGV_NODE,21,1,Vehicle is not pause by reserve reject override.
AGV_NODE,22,1,Unload address unmatch current command unload address.
AGV_NODE,23,1,Load address unmatch current command load address.
AGV_NODE,24,1,ToUnloadSections is empty.
AGV_NODE,25,1,ToLoadSections is empty.
AGV_NODE,26,1,Exception happened in override-check.
AGV_NODE,27,2,Agv not Auto reject transfer command.
AGV_NODE,28,1,Carrier ID is mismatch after load finished.
AGV_NODE,29,1,Carrier ID read reply is timeout
AGV_NODE,30,1,Vehicle has alarm cannot do transfer command.
AGV_NODE,31,1,MoveControl status is not idle cannot switch to auto mode.
AGV_NODE,32,1,Real position is null cannot switch to auto mode.
AGV_NODE,33,1,Vehicle is not in transfer reject avoid.
AGV_NODE,34,1,Vehicle is not in moving-step reject avoid.
AGV_NODE,35,1,Vehicle is not pause by reserve reject avoid.
AGV_NODE,36,1,Exception happened in avoid-check.
AGV_NODE,37,2,Get EMS from AGVC.
AGV_NODE,38,1,Interlock Error With EQ.
AGV_NODE,40,1,AGV connection is failed.
AGV_NODE,41,1,Position Error.
AGV_NODE,100000,2, Elmo connection failed
AGV_NODE,100001,2, Elmo Config read failed
AGV_NODE,100002,2, Elmo Config path error
AGV_NODE,101000,2, SR2000-L connection failed
AGV_NODE,101001,2, SR2000-L data format error
AGV_NODE,101100,2, SR2000-R connection failed
AGV_NODE,101101,2, SR2000-R data format error
AGV_NODE,110000,2, Reject Middler Move Command: Program Closed
AGV_NODE,110001,2, Reject Middler move command: AGV moving
AGV_NODE,110002,2, Reject Middler Move Command: Charging
AGV_NODE,110003,2, Reject Middler move command: Agv not Auto
AGV_NODE,110004,2, Reject Middler Move Command: Excessive Start Error
AGV_NODE,110005,2, Reject Middler Move Command: AGV Trek
AGV_NODE,110006,2, Reject Middler move command: command breakdown failed
AGV_NODE,130000,2, I didn't read Barcode after too long
AGV_NODE,130001,2, Straight line hasn't read Barcode
AGV_NODE,130002,2, Excessive deviation from Section angle
AGV_NODE,130003,2, Excessive deviation from Section track
AGV_NODE,130009,2, No Barcode to read
AGV_NODE,140000,2, Fork is no longer on Home during the walk
AGV_NODE,142000,2, XFL exception during running
AGV_NODE,142001,2, XFR exception during running
AGV_NODE,142002,2, XRL exception during running
AGV_NODE,142003,2, XRR exception during running
AGV_NODE,142004,2, TFL abnormal during running
AGV_NODE,142005,2, TFR abnormal during running
AGV_NODE,142006,2, TRL exception during running
AGV_NODE,142007,2, TRR exception during running
AGV_NODE,142100,2, VXFL exception during running
AGV_NODE,142101,2, VXFR abnormal during running
AGV_NODE,142102,2, VXRL exception during running
AGV_NODE,142103,2, VXRR abnormal during running
AGV_NODE,142104,2, VTFL abnormal during running
AGV_NODE,142105,2, VTFR abnormal during running
AGV_NODE,142106,2, VTRL exception during running
AGV_NODE,142107,2, VTRR abnormal during running
AGV_NODE,150000,2, MoveControl main thread excption
AGV_NODE,150001,2, Rotate the steering shaft before moving
AGV_NODE,150002,2, Command trigger interval exceeded
AGV_NODE,150003,2, AGV Mo stop
AGV_NODE,151000,2, Deceleration command Deceleration speed abnormal
AGV_NODE,152000,2, TR curve overspeed
AGV_NODE,152001,2, Too much difference from expected path
AGV_NODE,152002,1, TR Instant GT Moving
AGV_NODE,152003,2, TR enters corner too slowly
AGV_NODE,152004,2, Excessive angle difference between four wheels
AGV_NODE,153000,2, R2000 overspeed
AGV_NODE,153001,1, R2000 enters corner too slowly
AGV_NODE,153002,2, R2000 stopped abnormally
AGV_NODE,154000,2, Excessive angular deviation
AGV_NODE,154001,2, Excessive track deviation
AGV_NODE,155000,2, SlowStop Timeout
AGV_NODE,155001,2, Stop Timeout
AGV_NODE,155002,2, StopAndClear Timeout
AGV_NODE,156000,2, Second repair timeout
AGV_NODE,156001,2, Start second repair timeout
AGV_NODE,159998,2, Where program triggers should not trigger
AGV_NODE,159999,2, Trigger to unimplemented function
AGV_NODE,500000,2,MoveControl Exception
AGV_NODE,500001,1,Send PLC to Stop AGV
AGV_NODE,500002,2,Command out of trigger range
AGV_NODE,500100,2,Move : Initail Wheel Angle Timeout
AGV_NODE,500101,2,Move : Enable allAxis Timeout
AGV_NODE,500200,1,Reserve : Get Reserve with MoveControl Idle
AGV_NODE,500201,1,Reserve : Get Reserve position not math
AGV_NODE,500202,2,Reserve : Command's Reserve out of ReserveList's Range
AGV_NODE,500300,2,SlowStop : Timeout
AGV_NODE,500400,2,STurn : AGV turning too fast
AGV_NODE,500401,2,STurn : AGV turning too slow
AGV_NODE,500402,1,STurn : AGV turning with GroupTurn not Ready
AGV_NODE,500403,2,STurn : AGV turning with wrong path
AGV_NODE,500404,2,STurn : one of wheels turning too slow
AGV_NODE,500405,2,STurn : stop in STurn feature distable
AGV_NODE,500406,2,STurn : continue in STurn feature distable
AGV_NODE,500500,2,RTurn : AGV turning too fast
AGV_NODE,500501,2,RTurn : AGV turning too slow
AGV_NODE,500502,2,RTurn : Virtual Axis not Link
AGV_NODE,500503,2,RTurn : Turn direction format error
AGV_NODE,500504,2,RTurn : stop in RTurn feature distable
AGV_NODE,500505,2,RTurn : RTurn Control timeout
AGV_NODE,500506,2,RTurn : stop in can't continue step
AGV_NODE,500507,2,RTurn : continue in RTurn feature distable
AGV_NODE,500600,2,StopAndClear : Timeout
AGV_NODE,500700,2,SecondCorrection : Timeout
AGV_NODE,500701,2,SecondCorrection : Disable Timeout
AGV_NODE,501000,2,MoveMethod Initail Fail
AGV_NODE,501001,2,MoveMethod Driver Command Fail
AGV_NODE,501100,2,MotionDriver_Elmo Initail Fail
AGV_NODE,501101,2,MotionDriver_Elmo Connect Fail
AGV_NODE,501102,2,MotionDriver_Elmo Axis Setting format error
AGV_NODE,501103,2,MotionDriver_Elmo Bulk Exception
AGV_NODE,501104,2,MotionDriver_Elmo Disconnect : IPC witch controler
AGV_NODE,501105,2,MotionDriver_Elmo Disconnect : controler witch driver
AGV_NODE,501110,1,MotionDriver Axis Error
AGV_NODE,501111,1,MotionDriver Axis XFL Error
AGV_NODE,501112,1,MotionDriver Axis XFR Error
AGV_NODE,501113,1,MotionDriver Axis XRL Error
AGV_NODE,501114,1,MotionDriver Axis XRR Error
AGV_NODE,501115,1,MotionDriver Axis TFL Error
AGV_NODE,501116,1,MotionDriver Axis TFR Error
AGV_NODE,501117,1,MotionDriver Axis TRL Error
AGV_NODE,501118,1,MotionDriver Axis TRR Error
AGV_NODE,501119,1,MotionDriver Axis VXFL Error
AGV_NODE,501120,1,MotionDriver Axis VXFR Error
AGV_NODE,501121,1,MotionDriver Axis VXRL Error
AGV_NODE,501122,1,MotionDriver Axis VXRR Error
AGV_NODE,501123,1,MotionDriver Axis VTFL Error
AGV_NODE,501124,1,MotionDriver Axis VTFR Error
AGV_NODE,501125,1,MotionDriver Axis VTRL Error
AGV_NODE,501126,1,MotionDriver Axis VTRR Error
AGV_NODE,501127,1,MotionDriver Axis XFL Error
AGV_NODE,501128,1,MotionDriver Axis XFL Error
AGV_NODE,502000,2,LocateControl Initail Fail
AGV_NODE,502100,2,LocateDriver_BarcodeMapSystem Initail Fail
AGV_NODE,502101,2,LocateDriver_BarcodeMapSystem Connect Fail
AGV_NODE,502102,2,LocateDriver_BarcodeMapSystem data format error
AGV_NODE,502103,1,LocateDriver_BarcodeMapSystem LON Exception
AGV_NODE,502104,1,LocateDriver_BarcodeMapSystem Error
AGV_NODE,502200,2,LocateDriver_SLAM_Sick Initail Fail
AGV_NODE,502201,2,LocateDriver_SLAM_Sick Connect Fail
AGV_NODE,502202,2,LocateDriver_SLAM_Sick data format error
AGV_NODE,502203,1,LocateDriver_SLAM_Sick wrong locate
AGV_NODE,503000,1,CreateMoveCommandList Fail
AGV_NODE,503100,1,Can't Override : Can't Pause now
AGV_NODE,503101,2,Can't Override : Override Timeout
AGV_NODE,504000,1,Can't Auto : MoveControl Status is not Idle
AGV_NODE,504001,1,Can't Auto : Motion Driver Disconnect
AGV_NODE,504002,1,Can't Auto : MoveCommandControl Intail Fail
AGV_NODE,504003,1,Can't Auto : Closing program
AGV_NODE,504004,1,Can't Auto : Axis Error
AGV_NODE,504005,1,Can't Auto : Wait ResetAlarm Finish
AGV_NODE,504006,1,Can't Auto : JogPitch Action
AGV_NODE,504007,1,Can't Auto : LocateControl Intail Fail
AGV_NODE,504008,1,Can't Auto : Locate Driver Disconnect
AGV_NODE,504009,1,Can't Auto : Locate Driver Error
AGV_NODE,504010,1,Can't Auto : AutoAction Fail
AGV_NODE,504100,1,Reject Move Command : MovecmdInfo data error
AGV_NODE,504101,1,Reject Move Command : Closing Program
AGV_NODE,504102,1,Reject Move Command : MoveControl Status is not Idle
AGV_NODE,504103,1,Reject Move Command : Charging
AGV_NODE,504104,1,Reject Move Command : Fork isn't on Auto Status
AGV_NODE,504105,1,Reject Move Command : MoveControl driver disconnect
AGV_NODE,504106,1,Reject Move Command : No current coordinates
AGV_NODE,504107,1,Reject Move Command : Not is start position
AGV_NODE,504108,1,Reject Move Command : Not is start AGV angle
AGV_NODE,504109,1,Reject Move Command : in cancel flow
AGV_NODE,504110,1,Reject Move Command : in AutoRetry flow
AGV_NODE,504200,2,SafetyStop : Fork isn't on Auto Status
AGV_NODE,504201,2,SafetyStop : Charging
AGV_NODE,504202,2,SafetyStop : Excessive angular deviation
AGV_NODE,504203,2,SafetyStop : Excessive section deviation
AGV_NODE,504204,2,SafetyStop : Too long not read barcode (turn)
AGV_NODE,504205,2,SafetyStop : Too long not read barcode (line)
AGV_NODE,504206,2,SafetyStop : AGV Stop without reason
AGV_NODE,504207,2,SafetyStop : Velocity change error
AGV_NODE,504208,2,SafetyStop : Axis error
AGV_NODE,504209,2,SafetyStop : LocateControl Error
AGV_NODE,504210,2,SafetyStop : Stop Request
AGV_NODE,504211,2,SafetyStop : Bumper Stop
AGV_NODE,504212,2,SafetyStop : EMO Stop
AGV_NODE,504213,2,SafetyStop : Delta update value error
AGV_NODE,504300,1,Can't Reset Alarm : Main Flow Exception
AGV_NODE,504301,1,Can't Reset Alarm : stop in turn flow
AGV_NODE,504302,1,Can't Reset Alarm : vehicle not in section
AGV_NODE,504303,1,Can't Reset Alarm : Locate Control Error
AGV_NODE,504304,1,Can't Reset Alarm : Motion Control Error
AGV_NODE,504400,1,Can't AutoReset : Special Alarm
AGV_NODE,504500,2,Can't AutoRetry : AutoRetry Count more than config
AGV_NODE,504501,2,Can't AutoRetry : AutoReset fail
AGV_NODE,504502,2,Can't AutoRetry : Create Retry MoveCmdInfo fail
AGV_NODE,504600,2,BeamSensor singal on Timeout
AGV_NODE,510000,1,Elmo Alarm
AGV_NODE,270001,2, Fork Command Format NG
AGV_NODE,270002,2, Fork Command Read timeout
AGV_NODE,270003,2, Fork Not Busy timeout
AGV_NODE,270004,2, Fork Command Executing timeout
AGV_NODE,270005,1, Batterys Charging Time Out
AGV_NODE,270007,2, Fork Home Flag Waiting timeout
AGV_NODE,200001,2, Safety Not Ready
AGV_NODE,200002,2, MC Not Ready (100)
AGV_NODE,200003,2, MC Not Ready (284V Power Supply)
AGV_NODE,200004,2, 
AGV_NODE,200005,2, 
AGV_NODE,200006,2, 
AGV_NODE,200007,2, 
AGV_NODE,200008,2, 
AGV_NODE,200009,2, 
AGV_NODE,200010,2, Main box emergency stop
AGV_NODE,200011,2, Emergency stop (Teach Box)
AGV_NODE,200012,2, Emergency stop (FR)
AGV_NODE,200013,2, Emergency stop (FC)
AGV_NODE,200014,2, Emergency stop (FL)
AGV_NODE,200015,2, Emergency stop (BR)
AGV_NODE,200016,2, Emergency stop (BC)
AGV_NODE,200017,2, Emergency stop (BL)
AGV_NODE,200018,2, Emergency stop (IPC Command)
AGV_NODE,200019,2, 
AGV_NODE,200020,2, 
AGV_NODE,200021,2, 
AGV_NODE,200022,2, 
AGV_NODE,200023,2, 
AGV_NODE,200024,2, 
AGV_NODE,200025,2, 
AGV_NODE,200026,2, 
AGV_NODE,200027,2, 
AGV_NODE,200028,2, 
AGV_NODE,200029,2, 
AGV_NODE,200030,2, 
AGV_NODE,200031,1, 
AGV_NODE,200032,1, 
AGV_NODE,200033,1, 
AGV_NODE,200034,1, 
AGV_NODE,200035,1, 
AGV_NODE,200036,1, 
AGV_NODE,200037,2, 
AGV_NODE,200038,2, 
AGV_NODE,200039,2, 
AGV_NODE,200040,2, 
AGV_NODE,200041,2, 
AGV_NODE,200042,2, 
AGV_NODE,200043,2, 
AGV_NODE,200044,2, 
AGV_NODE,200045,2, 284V Power Supply1 Start 2
AGV_NODE,200046,2, 284V Power Supply2 Start 2
AGV_NODE,200047,2, 284V Power Supply3 Start 2
AGV_NODE,200048,2, 284V Power Supply1 FAN 2
AGV_NODE,200049,2, 284V Power Supply2 FAN 2
AGV_NODE,200050,2, 284V Power Supply3 FAN 2
AGV_NODE,200051,2, 284V Power Supply1 Overcurrent 2
AGV_NODE,200052,2, 284V Power Supply2 Overcurrent 2
AGV_NODE,200053,2, 284V Power Supply1 Temperature 2
AGV_NODE,200054,2, 284V Power Supply2 Temperature 2
AGV_NODE,200055,2, 
AGV_NODE,200056,2, 
AGV_NODE,200057,2, 
AGV_NODE,200058,2, 
AGV_NODE,200059,2, 
AGV_NODE,200060,2, Bump_F 2
AGV_NODE,200061,2, Bump_F 2 (No Setup)
AGV_NODE,200062,2, 
AGV_NODE,200063,2, 
AGV_NODE,200064,2, 
AGV_NODE,200065,2, 
AGV_NODE,200066,2, Bump_B 2
AGV_NODE,200067,2, Bump_B 2 (No Setup)
AGV_NODE,200068,2, 
AGV_NODE,200069,2, 
AGV_NODE,200070,2, 
AGV_NODE,200071,2, 
AGV_NODE,200072,2, Bump_L 2
AGV_NODE,200073,2, Bump_L 2 (No Setup)
AGV_NODE,200074,2, Bump_R 2
AGV_NODE,200075,2, Bump_R 2 (No Setup)
AGV_NODE,200076,2, 
AGV_NODE,200077,2, 
AGV_NODE,200078,2, 
AGV_NODE,200079,2, 
AGV_NODE,200080,2, 
AGV_NODE,200081,2, 
AGV_NODE,200082,2, 
AGV_NODE,200083,2, 
AGV_NODE,200084,2, 
AGV_NODE,200085,2, 
AGV_NODE,200086,2, 
AGV_NODE,200087,2, 
AGV_NODE,200088,2, 
AGV_NODE,200089,2, 
AGV_NODE,200090,1, Charger Timeout (R)
AGV_NODE,200091,1, Charger Timeout (L)
AGV_NODE,200092,1, Charger Signal Off (R)
AGV_NODE,200093,1, Charger Signal Off (L)
AGV_NODE,200094,1, Charger Confirm Sensor Off (R)
AGV_NODE,200095,1, Charger Confirm Sensor Off (L)
AGV_NODE,200096,2, 
AGV_NODE,200097,2, 
AGV_NODE,200098,2, 
AGV_NODE,200099,2, 
AGV_NODE,200100,2, Vehicle BAT Overheating_F 2
AGV_NODE,200101,2, Vehicle BAT Overheating_B 2
AGV_NODE,200102,2, Vehicle BMS Low Battery 2
AGV_NODE,200103,2, Vehicle BAT Temperature 2
AGV_NODE,200104,2, Vehicle BAT-F FAN1 2
AGV_NODE,200105,2, Vehicle BAT-F FAN2 2
AGV_NODE,200106,2, Vehicle BAT-B FAN1 2
AGV_NODE,200107,2, Vehicle BAT-B FAN2 2
AGV_NODE,200108,2, 
AGV_NODE,200109,2, 
AGV_NODE,200110,2, 
AGV_NODE,200111,2, 
AGV_NODE,200112,2, 
AGV_NODE,200113,2, 
AGV_NODE,200114,2, 
AGV_NODE,200115,2, 
AGV_NODE,200116,2, 
AGV_NODE,200117,2, 
AGV_NODE,200118,2, 
AGV_NODE,200119,2, 
AGV_NODE,200120,2, Fork Command Timeout
AGV_NODE,200121,2, Stage Command NG
AGV_NODE,200122,2, Command Type NG
AGV_NODE,200123,2, Double storage judgment abnormal (Double Storage)
AGV_NODE,200124,2, Double storage judgment abnormal (Double Storage)
AGV_NODE,200125,2, Extraction of double lattice judgment abnormality (Empty Retrieval)
AGV_NODE,200126,2, Extraction of double lattice judgment abnormality (Empty Retrieval)
AGV_NODE,200127,2, Vehicle Direction NG
AGV_NODE,200128,2, Vehicle Home NG
AGV_NODE,200129,2, Fork Home NG
AGV_NODE,200130,2, Fork Servo NG
AGV_NODE,200131,2, Fork Command Signal NG
AGV_NODE,200132,2, Fork Busy Signal NG
AGV_NODE,200133,2, Fork Speed ?‹â€‹NG
AGV_NODE,200134,2, Spare NG
AGV_NODE,200135,2, System Status NG
AGV_NODE,200136,2, 
AGV_NODE,200137,2, 
AGV_NODE,200138,2, 
AGV_NODE,200139,2, 
AGV_NODE,200140,1, Fork Alignment NG
AGV_NODE,200141,1, Fork Alignment Value NG (P Max)
AGV_NODE,200142,1, Fork Alignment Value NG (P Min)
AGV_NODE,200143,1, Fork Alignment Value NG (Y Max)
AGV_NODE,200144,1, Fork Alignment Value NG (Y Min)
AGV_NODE,200145,1, Fork Alignment Value NG (? Max)
AGV_NODE,200146,1, Fork Alignment Value NG (? Min)
AGV_NODE,200147,2, 
AGV_NODE,200148,2, 
AGV_NODE,200149,2, 
AGV_NODE,200150,1, GOTECH BAT Cell Voltage 2 (Internal))
AGV_NODE,200151,2, GOTECH BAT MOSFET Temperature 1 2 (Internal)
AGV_NODE,200152,2, GOTECH BAT Cell Temperature 2 2 (Internal)
AGV_NODE,200153,2, GOTECH BAT MCU Temperature 3 2 (Internal)
AGV_NODE,200154,2, GOTECH BAT Over Voltage 2 (Internal)
AGV_NODE,200155,2, GOTECH BAT Under Voltage 2 (Internal)
AGV_NODE,200156,2, GOTECH BAT Over Current 2 (Internal)
AGV_NODE,200157,2, GOTECH BAT Over Voltage 2 (Communication)
AGV_NODE,200158,2, GOTECH BAT Under Voltage 2 (Communication)
AGV_NODE,200159,2, GOTECH BAT Over Temperature 2 (Communication)
AGV_NODE,200160,2, GOTECH BAT Under Temperature 2 (Communication)
AGV_NODE,200161,2, GOTECH BAT Unbalance 2 (Communication)
AGV_NODE,200162,2, GOTECH BAT Over Current 2 (Communication)
AGV_NODE,200163,2, 
AGV_NODE,200164,2, 
AGV_NODE,200165,2, 
AGV_NODE,200166,2, 
AGV_NODE,200167,2, 
AGV_NODE,200168,2, 
AGV_NODE,200169,2, 
AGV_NODE,200170,2, 
AGV_NODE,200171,2, 
AGV_NODE,200172,2, 
AGV_NODE,200173,2, 
AGV_NODE,200174,2, 
AGV_NODE,200175,2, 
AGV_NODE,200176,2, 
AGV_NODE,200177,2, 
AGV_NODE,200178,2, 
AGV_NODE,200179,2, 
AGV_NODE,200180,2, 
AGV_NODE,200181,2, 
AGV_NODE,200182,2, 
AGV_NODE,200183,2, 
AGV_NODE,200184,2, 
AGV_NODE,200185,2, 
AGV_NODE,200186,2, 
AGV_NODE,200187,2, 
AGV_NODE,200188,2, 
AGV_NODE,200189,2, 
AGV_NODE,200190,2, 
AGV_NODE,200191,2, 
AGV_NODE,200192,2, 
AGV_NODE,200193,2, 
AGV_NODE,200194,2, 
AGV_NODE,200195,2, 
AGV_NODE,200196,2, 
AGV_NODE,200197,2, 
AGV_NODE,200198,2, 
AGV_NODE,200199,2, 
AGV_NODE,200200,2, 
AGV_NODE,200201,2, emergency stop
AGV_NODE,200202,2, Servo command address is abnormal
AGV_NODE,200203,2, Servo input storage data error
AGV_NODE,200204,2, 
AGV_NODE,200205,2, Port Duplex
AGV_NODE,200206,2, Port duality has something
AGV_NODE,200207,2, 
AGV_NODE,200208,2, 
AGV_NODE,200209,2, 
AGV_NODE,200210,2, Arm with abnormal detection (taken)
AGV_NODE,200211,2, Arm with abnormal detection (set)
AGV_NODE,200212,2, Abnormal detection on the arm
AGV_NODE,200213,2, There is something in the arm after placing the object
AGV_NODE,200214,2, 
AGV_NODE,200215,2, Command abnormality detected before arm movement
AGV_NODE,200216,2, Arm detected abnormal command
AGV_NODE,200217,2, 
AGV_NODE,200218,2, 
AGV_NODE,200219,2, 
AGV_NODE,200220,2, Action command running timeout
AGV_NODE,200221,2, 
AGV_NODE,200222,2, 
AGV_NODE,200223,2, 
AGV_NODE,200224,2, 
AGV_NODE,200225,2, 
AGV_NODE,200226,2, 
AGV_NODE,200227,2, 
AGV_NODE,200228,2, 
AGV_NODE,200229,2, 
AGV_NODE,200230,2, AGV exception
AGV_NODE,200231,2, 
AGV_NODE,200232,2, 
AGV_NODE,200233,2, 
AGV_NODE,200234,2, 
AGV_NODE,200235,2, Origin lost
AGV_NODE,200236,2, Lost running origin
AGV_NODE,200237,2, Lifting origin is lost
AGV_NODE,200238,2, Lost origin
AGV_NODE,200239,2, Fork arm origin lost
AGV_NODE,200240,2, During travel-Wrong arm position
AGV_NODE,200241,2, Travel origin return timeout
AGV_NODE,200242,1, Timeout during running action
AGV_NODE,200243,1, Traveling drive abnormal
AGV_NODE,200244,1, Traveling drive abnormal
AGV_NODE,200245,1, Traveling drive abnormal
AGV_NODE,200246,1, Walking HP origin photoelectric detection abnormal
AGV_NODE,200247,1, Running HP photoelectric detection abnormal
AGV_NODE,200248,2, Extreme HP photoelectric abnormality during running
AGV_NODE,200249,1, Travel EN exceeds HP limit
AGV_NODE,200250,2, OP origin photoelectric detection abnormal
AGV_NODE,200251,2, OP photoelectric detection abnormal
AGV_NODE,200252,2, Limiting photoelectric abnormality on the OP side
AGV_NODE,200253,2, Running EN exceeds OP limit
AGV_NODE,200254,2, 
AGV_NODE,200255,2, 
AGV_NODE,200256,2, 
AGV_NODE,200257,2, 
AGV_NODE,200258,2, 
AGV_NODE,200259,2, 
AGV_NODE,200260,2, Lifting action-fork arm action
AGV_NODE,200261,2, Lifting origin return timeout
AGV_NODE,200262,1, Timeout during lifting
AGV_NODE,200263,1, Lift drive abnormal
AGV_NODE,200264,1, Lift drive abnormal
AGV_NODE,200265,1, Lift drive abnormal
AGV_NODE,200266,1, Lifting HP origin photoelectric detection abnormal
AGV_NODE,200267,1, Positioning photoelectric detection abnormal on lift
AGV_NODE,200268,1, Lifting upper limit photoelectric abnormality
AGV_NODE,200269,1, Lifting EN exceeds upper limit
AGV_NODE,200270,1, Lifting OP origin photoelectric detection abnormal
AGV_NODE,200271,1, Positioning photoelectric detection abnormal under lifting
AGV_NODE,200272,1, Limiting photoelectric abnormal
AGV_NODE,200273,1, Lift EN exceeds lower limit
AGV_NODE,200274,1, Lift table tilt detection
AGV_NODE,200275,1, 
AGV_NODE,200276,1, 
AGV_NODE,200277,1, 
AGV_NODE,200278,1, 
AGV_NODE,200279,1, 
AGV_NODE,200280,1, Fork arm movement-walking up and down rotation
AGV_NODE,200281,1, Fork arm origin return timeout
AGV_NODE,200282,2, Timeout
AGV_NODE,200283,2, Fork arm driver abnormal
AGV_NODE,200284,2, Fork arm driver abnormal
AGV_NODE,200285,2, Fork arm driver abnormal
AGV_NODE,200286,2, Fork arm HP origin photoelectric detection abnormal
AGV_NODE,200287,2, Fork arm HP photoelectric detection abnormal
AGV_NODE,200288,2, Extreme Photoelectric Abnormality on HP Side of Fork Arm
AGV_NODE,200289,2, Fork arm EN exceeds HP limit
AGV_NODE,200290,2, Fork arm OP origin photoelectric detection abnormal
AGV_NODE,200291,2, Fork arm OP photoelectric detection abnormal
AGV_NODE,200292,2, Limit photoelectric abnormality of OP arm side
AGV_NODE,200293,2, Fork arm EN exceeds OP limit
AGV_NODE,200294,2, Fork arm is not in HP (initial position)
AGV_NODE,200295,2, Abnormal movement of the fork arm
AGV_NODE,200296,2, 
AGV_NODE,200297,2, 
AGV_NODE,200298,2, 
AGV_NODE,200299,2, 
AGV_NODE,200300,2, Rotation timeout-positioning
AGV_NODE,200301,2, Rotation origin return timeout
AGV_NODE,200302,2, Timeout during turning action
AGV_NODE,200303,2, Slewing drive abnormal
AGV_NODE,200304,2, Slewing drive abnormal
AGV_NODE,200305,2, Slewing drive abnormal
AGV_NODE,200306,2, 0 degree rotation
AGV_NODE,200307,2, 0 degree photoelectric detection abnormality
AGV_NODE,200308,2, Limiting photoelectric abnormality on the 0 degree side
AGV_NODE,200309,2, Rotation EN exceeds 0 degree limit
AGV_NODE,200310,2, Rotary 180 degree origin abnormality
AGV_NODE,200311,2, 180 degree rotation photoelectric detection abnormal
AGV_NODE,200312,2, Limiting photoelectric abnormality at 180 Â°
AGV_NODE,200313,2, Rotation EN exceeds 180 degree limit
AGV_NODE,200314,2, 
AGV_NODE,200315,2, 90 degree rotation photoelectric detection abnormal
AGV_NODE,200316,2, Abnormal rotation position
AGV_NODE,200317,2, No abnormal photoelectric detection
AGV_NODE,200318,2, 
AGV_NODE,200319,2, 
AGV_NODE,200320,2, 
AGV_NODE,200321,2, 
AGV_NODE,200322,2, 
AGV_NODE,200323,2, 
AGV_NODE,200324,2, 
AGV_NODE,200325,2, 
AGV_NODE,200326,2, 
AGV_NODE,200327,1, 
AGV_NODE,200328,1, 
AGV_NODE,200329,1, 
AGV_NODE,200330,1, 
AGV_NODE,200331,2, 
AGV_NODE,200332,2, 
AGV_NODE,200333,2, 
AGV_NODE,200334,2, 
AGV_NODE,200335,2, 
AGV_NODE,200336,2, 
AGV_NODE,200337,2, 
AGV_NODE,200338,2, 
AGV_NODE,200339,2, 
AGV_NODE,200340,2, 
AGV_NODE,200341,2, 
AGV_NODE,200342,1, 
AGV_NODE,200343,2, 
AGV_NODE,200344,2, 
AGV_NODE,200345,2, 
AGV_NODE,200346,2, 
AGV_NODE,200347,2, 
AGV_NODE,200348,2, 
AGV_NODE,200349,2, 
AGV_NODE,200350,2, 
AGV_NODE,200351,2, 
AGV_NODE,200352,1, 
AGV_NODE,200353,2, 
AGV_NODE,200354,2, 
AGV_NODE,200355,2, 
AGV_NODE,200356,2, 
AGV_NODE,200357,2, 
AGV_NODE,200358,2, 
AGV_NODE,200359,2, 
AGV_NODE,200360,2, 
AGV_NODE,200361,2, 
AGV_NODE,200362,2, 
AGV_NODE,200363,2, 
AGV_NODE,200364,2, 
AGV_NODE,200365,2, 
AGV_NODE,200366,2, 
AGV_NODE,200367,2, 
AGV_NODE,200368,2, 
AGV_NODE,200369,2, 
AGV_NODE,200370,2, 
AGV_NODE,200371,2, 
AGV_NODE,200372,2, 
AGV_NODE,200373,2, 
AGV_NODE,200374,2, 
AGV_NODE,200375,2, 
AGV_NODE,200376,2, 
AGV_NODE,200377,2, 
AGV_NODE,200378,2, 
AGV_NODE,200379,2, 
AGV_NODE,200380,2, 
AGV_NODE,200381,2, 
AGV_NODE,200382,2, 
AGV_NODE,200383,2, 
AGV_NODE,200384,2, 
AGV_NODE,200385,2, 
AGV_NODE,200386,2, 
AGV_NODE,200387,2, 
AGV_NODE,200388,2, 
AGV_NODE,200389,2, 
AGV_NODE,200390,2, 
AGV_NODE,200391,2, 
AGV_NODE,200392,2, 
AGV_NODE,200393,2, 
AGV_NODE,200394,2, 
AGV_NODE,200395,2, 
AGV_NODE,200396,2, 
AGV_NODE,200397,2, 
AGV_NODE,200398,2, 
AGV_NODE,200399,2, 
AGV_NODE,200400,2, Pause Mode-Non-Automatic
AGV_NODE,200401,2, In action-forced manual
AGV_NODE,200402,2, 
AGV_NODE,200403,2, 
AGV_NODE,200404,2, 
AGV_NODE,200405,2, Command abnormality detected before arm movement
AGV_NODE,200406,2, Arm detected abnormal command
AGV_NODE,200407,2, 
AGV_NODE,200408,2, 
AGV_NODE,200409,2, 
AGV_NODE,200410,2, 
AGV_NODE,200411,2, 
AGV_NODE,200412,2, 
AGV_NODE,200413,2, 
AGV_NODE,200414,2, 
AGV_NODE,200415,2, 
AGV_NODE,200416,2, 
AGV_NODE,200417,2, 
AGV_NODE,200418,2, 
AGV_NODE,200419,2, 
AGV_NODE,200420,2, 
AGV_NODE,200421,2, 
AGV_NODE,200422,2, 
AGV_NODE,200423,2, 
AGV_NODE,200424,2, 
AGV_NODE,200425,2, 
AGV_NODE,200426,2, 
AGV_NODE,200427,2, 
AGV_NODE,200428,2, 
AGV_NODE,200429,2, 
AGV_NODE,200430,2, 
AGV_NODE,200431,2, 
AGV_NODE,200432,2, 
AGV_NODE,200433,2, 
AGV_NODE,200434,2, 
AGV_NODE,200435,2, 
AGV_NODE,200436,2, 
AGV_NODE,200437,2, 
AGV_NODE,200438,2, 
AGV_NODE,200439,2, 
AGV_NODE,200440,2, 
AGV_NODE,200441,2, 
AGV_NODE,200442,2, 
AGV_NODE,200443,2, 
AGV_NODE,200444,2, 
AGV_NODE,200445,2, 
AGV_NODE,200446,2, 
AGV_NODE,200447,2, 
AGV_NODE,200448,2, 
AGV_NODE,200449,2, 
AGV_NODE,200450,2, 
AGV_NODE,200451,2, 
AGV_NODE,200452,2, 
AGV_NODE,200453,2, 
AGV_NODE,200454,2, 
AGV_NODE,200455,2, 
AGV_NODE,200456,2, 
AGV_NODE,200457,2, 
AGV_NODE,200458,2, 
AGV_NODE,200459,2, 
AGV_NODE,200460,2, 
AGV_NODE,200461,2, 
AGV_NODE,200462,2, 
AGV_NODE,200463,2, 
AGV_NODE,200464,2, 
AGV_NODE,200465,2, 
AGV_NODE,200466,2, 
AGV_NODE,200467,2, 
AGV_NODE,200468,2, 
AGV_NODE,200469,2, 
AGV_NODE,200470,2, 
AGV_NODE,200471,2, 
AGV_NODE,200472,2, 
AGV_NODE,200473,2, 
AGV_NODE,200474,2, 
AGV_NODE,200475,2, 
AGV_NODE,200476,2, 
AGV_NODE,200477,2, 
AGV_NODE,200478,2, 
AGV_NODE,200479,2, 
AGV_NODE,200480,2, 
AGV_NODE,200481,2, 
AGV_NODE,200482,2, 
AGV_NODE,200483,2, 
AGV_NODE,200484,2, 
AGV_NODE,200485,2, 
AGV_NODE,200486,2, 
AGV_NODE,200487,2, 
AGV_NODE,200488,2, 
AGV_NODE,200489,2, 
AGV_NODE,200490,2, 
AGV_NODE,200491,2, 
AGV_NODE,200492,2, 
AGV_NODE,200493,2, 
AGV_NODE,200494,2, 
AGV_NODE,200495,2, 
AGV_NODE,200496,2, 
AGV_NODE,200497,2, 
AGV_NODE,200498,2, 
AGV_NODE,200499,2, 
AGV_NODE,200500,2,A0500:(IPC)Charging is ON after send stop charge command to plc.
AGV_NODE,200501,2,A0501:(IPC)Not on Auto mode reject transfer command.
AGV_NODE,200502,2,A0502:(IPC)Get EMS from AGVC.
AGV_NODE,200503,2,A0503:(IPC)Elmo³s½u¥¢±Ñ
AGV_NODE,200504,2,A0504:(IPC)Elmo ConfigÅª¨ú¥¢±Ñ
AGV_NODE,200505,2,A0505:(IPC)Elmo Config¸ô®|¿ù»~
AGV_NODE,200506,2,A0506:(IPC)SR2000-L³s½u¥¢±Ñ
AGV_NODE,200507,2,A0507:(IPC)SR2000-R³s½u¥¢±Ñ
AGV_NODE,200508,2,A0508:(IPC)©Úµ´Middler²¾°Ê©R¥O:µ{¦¡Ãö³¬¤¤
AGV_NODE,200509,2,A0509:(IPC)©Úµ´Middler²¾°Ê©R¥O:AGV²¾°Ê¤¤
AGV_NODE,200510,2,A0510:(IPC)©Úµ´Middler²¾°Ê©R¥O:Charging
AGV_NODE,200511,2,A0511:(IPC)©Úµ´Middler²¾°Ê©R¥O:AGV¤£¦bAutoª¬ºA
AGV_NODE,200512,2,A0512:(IPC)©Úµ´Middler²¾°Ê©R¥O:°_ÂI»~®t¹L¤j
AGV_NODE,200513,2,A0513:(IPC)©Úµ´Middler²¾°Ê©R¥O:AGV°g¯è¤¤
AGV_NODE,200514,2,A0514:(IPC)©Úµ´Middler²¾°Ê©R¥O:©R¥O¤À¸Ñ¥¢±Ñ
AGV_NODE,200515,2,A0515:(IPC)¥XÅs«á¹L¤[¨SÅª¨ìBarcode
AGV_NODE,200516,2,A0516:(IPC)ª½½u¹L¤[¨SÅª¨ìBarcode
AGV_NODE,200517,2,A0517:(IPC)©MSection¨¤«×°¾®t¹L¤j
AGV_NODE,200518,2,A0518:(IPC)©MSection­y¹D°¾®t¹L¤j
AGV_NODE,200519,2,A0519:(IPC)¨SÅª¨ú¨ì¸ÓÅª¨úªºBarcode
AGV_NODE,200520,2,A0520:(IPC)¨«¦æ¤¤AGV¤£¦bAutoª¬ºA
AGV_NODE,200521,2,A0521:(IPC)¨«¦æ¤¤XFL²§±`
AGV_NODE,200522,2,A0522:(IPC)¨«¦æ¤¤XFR²§±`
AGV_NODE,200523,2,A0523:(IPC)¨«¦æ¤¤XRL²§±`
AGV_NODE,200524,2,A0524:(IPC)¨«¦æ¤¤XRR²§±`
AGV_NODE,200525,2,A0525:(IPC)¨«¦æ¤¤TFL²§±`
AGV_NODE,200526,2,A0526:(IPC)¨«¦æ¤¤TFR²§±`
AGV_NODE,200527,2,A0527:(IPC)¨«¦æ¤¤TRL²§±`
AGV_NODE,200528,2,A0528:(IPC)¨«¦æ¤¤TRR²§±`
AGV_NODE,200529,2,A0529:(IPC)¨«¦æ¤¤VXFL²§±`
AGV_NODE,200530,2,A0530:(IPC)¨«¦æ¤¤VXFR²§±`
AGV_NODE,200531,2,A0531:(IPC)¨«¦æ¤¤VXRL²§±`
AGV_NODE,200532,2,A0532:(IPC)¨«¦æ¤¤VXRR²§±`
AGV_NODE,200533,2,A0533:(IPC)¨«¦æ¤¤VTFL²§±`
AGV_NODE,200534,2,A0534:(IPC)¨«¦æ¤¤VTFR²§±`
AGV_NODE,200535,2,A0535:(IPC)¨«¦æ¤¤VTRL²§±`
AGV_NODE,200536,2,A0536:(IPC)¨«¦æ¤¤VTRR²§±`
AGV_NODE,200537,2,A0537:(IPC)MoveControl¥DThread Excption
AGV_NODE,200538,2,A0538:(IPC)²¾°Ê«e±ÛÂàÂà¦V¶b±ÛÂà¤£¨ì¦ì
AGV_NODE,200539,2,A0539:(IPC)¶W¹L©R¥OÄ²µo°Ï¶¡
AGV_NODE,200540,2,A0540:(IPC)AGV EMS
AGV_NODE,200541,2,A0541:(IPC)­°³t«ü¥O­°³t³t«×²§±`
AGV_NODE,200542,2,A0542:(IPC)TR¤JÅs¶W³t
AGV_NODE,200543,2,A0543:(IPC)»P¹w­p¸ô®|®t²§¹L¤j
AGV_NODE,200544,2,A0544:(IPC)TR¤JÅs¹LºC
AGV_NODE,200545,2,A0545:(IPC)¥|½ü¨¤«×®t²§¹L¤j
AGV_NODE,200546,2,A0546:(IPC)R2000¤JÅs¶W³t
AGV_NODE,200547,2,A0547:(IPC)R2000¤JÅs¹LºC
AGV_NODE,200548,2,A0548:(IPC)R2000²§±`°±¤î
AGV_NODE,200549,2,A0549:(IPC)¨¤«×°¾®t¹L¤j
AGV_NODE,200550,2,A0550:(IPC)­y¹D°¾®t¹L¤j
AGV_NODE,200551,2,A0551:(IPC)SlowStop Timeout
AGV_NODE,200552,2,A0552:(IPC)Stop Timeout
AGV_NODE,200553,2,A0553:(IPC)StopAndClear Timeout
AGV_NODE,200554,2,A0554:(IPC)¤G­×timeout
AGV_NODE,200555,2,A0555:(IPC)±Ò°Ê¤G­×timeout
AGV_NODE,200556,2,A0556:(IPC)µ{¦¡Ä²µo¤£À³¸ÓÄ²µoªº¦a¤è
AGV_NODE,200557,2,A0557:(IPC)Ä²µo¨ì¥¼¹ê§@¥\¯à
AGV_NODE,200558,2,A0558:(IPC)MoveControl Exception
AGV_NODE,200559,2,A0559:(IPC)Command out of trigger range
AGV_NODE,200560,2,A0560:(IPC)Move : Initail Wheel Angle Timeout
AGV_NODE,200561,2,A0561:(IPC)Move : Enable allAxis Timeout
AGV_NODE,200562,2,A0562:(IPC)Reserve : Command's Reserve out of ReserveList's Range
AGV_NODE,200563,2,A0563:(IPC)SlowStop : Timeout
AGV_NODE,200563,2,A0564:(IPC)STurn : AGV turning too fast
AGV_NODE,200565,2,A0565:(IPC)STurn : AGV turning too slow
AGV_NODE,200566,2,A0566:(IPC)STurn : AGV turning with wrong path
AGV_NODE,200567,2,A0567:(IPC)STurn : one of wheels turning too slow
AGV_NODE,200568,2,A0568:(IPC)STurn : stop in STurn feature distable
AGV_NODE,200569,2,A0569:(IPC)STurn : continue in STurn feature distable
AGV_NODE,200570,2,A0570:(IPC)RTurn : AGV turning too fast
AGV_NODE,200571,2,A0571:(IPC)RTurn : AGV turning too slow
AGV_NODE,200572,2,A0572:(IPC)RTurn : Virtual Axis not Link
AGV_NODE,200573,2,A0573:(IPC)RTurn : Turn direction format error
AGV_NODE,200574,2,A0574:(IPC)RTurn : stop in RTurn feature distable
AGV_NODE,200575,2,A0575:(IPC)RTurn : RTurn Control timeout
AGV_NODE,200576,2,A0576:(IPC)RTurn : stop in can't continue step
AGV_NODE,200577,2,A0577:(IPC)RTurn : continue in RTurn feature distable
AGV_NODE,200578,2,A0578:(IPC)StopAndClear : Timeout
AGV_NODE,200579,2,A0579:(IPC)SecondCorrection : Timeout
AGV_NODE,200580,2,A0580:(IPC)MoveMethod Initail Fail
AGV_NODE,200581,2,A0581:(IPC)MoveMethod Driver Command Fail
AGV_NODE,200582,2,A0582:(IPC)MotionDriver_Elmo Initail Fail
AGV_NODE,200583,2,A0583:(IPC)MotionDriver_Elmo Connect Fail
AGV_NODE,200584,2,A0584:(IPC)MotionDriver_Elmo Axis Setting format error
AGV_NODE,200585,2,A0585:(IPC)MotionDriver_Elmo Bulk Exception
AGV_NODE,200586,2,A0586:(IPC)MotionDriver_Elmo Disconnect : IPC witch controler
AGV_NODE,200587,2,A0587:(IPC)MotionDriver_Elmo Disconnect : controler witch driver
AGV_NODE,200588,2,A0588:(IPC)LocateControl Initail Fail
AGV_NODE,200589,2,A0589:(IPC)LocateDriver_BarcodeMapSystem Initail Fail
AGV_NODE,200590,2,A0590:(IPC)LocateDriver_BarcodeMapSystem Connect Fail
AGV_NODE,200591,2,A0591:(IPC)LocateDriver_BarcodeMapSystem data format error
AGV_NODE,200592,2,A0592:(IPC)LocateDriver_SLAM_Sick Initail Fail
AGV_NODE,200593,2,A0593:(IPC)LocateDriver_SLAM_Sick Connect Fail
AGV_NODE,200594,2,A0594:(IPC)LocateDriver_SLAM_Sick data format error
AGV_NODE,200595,2,A0595:(IPC)Can't Override : Override Timeout
AGV_NODE,200596,2,A0596:(IPC)SafetyStop : Fork isn't on Auto Status
AGV_NODE,200597,2,A0597:(IPC)SafetyStop : Charging
AGV_NODE,200598,2,A0598:(IPC)SafetyStop : Excessive angular deviation
AGV_NODE,200599,2,A0599:(IPC)SafetyStop : Excessive section deviation
AGV_NODE,200600,2,A0600:(IPC)SafetyStop : Too long not read barcode (turn)
AGV_NODE,200601,2,A0601:(IPC)SafetyStop : Too long not read barcode (line)
AGV_NODE,200602,2,A0602:(IPC)SafetyStop : AGV Stop without reason
AGV_NODE,200603,2,A0603:(IPC)SafetyStop : Velocity change error
AGV_NODE,200604,2,A0604:(IPC)SafetyStop : Axis error
AGV_NODE,200605,2,A0605:(IPC)SafetyStop : LocateControl Error
AGV_NODE,200606,2,A0606:(IPC)SafetyStop : Stop Request
AGV_NODE,200607,2,A0607:(IPC)SafetyStop : Bumper Stop
AGV_NODE,200608,2,A0608:(IPC)SafetyStop : EMO Stop
AGV_NODE,200609,2,A0609:(IPC)SafetyStop : Delta update value error
AGV_NODE,200610,2,A0610:(IPC)Can't AutoRetry : AutoRetry Count more than config
AGV_NODE,200611,2,A0611:(IPC)Can't AutoRetry : AutoReset fail
AGV_NODE,200612,2,A0612:(IPC)Can't AutoRetry : Create Retry MoveCmdInfo fail
AGV_NODE,200613,2,A0613:(IPC)BeamSensor singal on Timeout
AGV_NODE,200614,2,A0614:(IPC)Fork Command Format NG
AGV_NODE,200615,2,A0615:(IPC)Fork Command Read timeout
AGV_NODE,200616,2,A0616:(IPC)Fork Not Busy timeout
AGV_NODE,200617,2,A0617:(IPC)Fork Command Executing timeout
AGV_NODE,200618,2,A0618:(IPC)Fork Home Flag Waiting timeout
AGV_NODE,200619,2, (IPC)
AGV_NODE,200620,2, (IPC)
AGV_NODE,200621,2, (IPC)
AGV_NODE,200622,2, (IPC)
AGV_NODE,200623,2, (IPC)
AGV_NODE,200624,2, (IPC)
AGV_NODE,200625,2, (IPC)
AGV_NODE,200626,2, (IPC)
AGV_NODE,200627,2, (IPC)
AGV_NODE,200628,2, (IPC)
AGV_NODE,200629,2, (IPC)
AGV_NODE,200630,2, (IPC)
AGV_NODE,200631,2, (IPC)
AGV_NODE,200632,2, (IPC)
AGV_NODE,200633,2, (IPC)
AGV_NODE,200634,2, (IPC)
AGV_NODE,200635,2, (IPC)
AGV_NODE,200636,2, (IPC)
AGV_NODE,200637,2, (IPC)
AGV_NODE,200638,2, (IPC)
AGV_NODE,200639,2, (IPC)
AGV_NODE,200640,2, (IPC)
AGV_NODE,200641,2, (IPC)
AGV_NODE,200642,2, (IPC)
AGV_NODE,200643,2, (IPC)
AGV_NODE,200644,2, (IPC)
AGV_NODE,200645,2, (IPC)
AGV_NODE,200646,2, (IPC)
AGV_NODE,200647,2, (IPC)
AGV_NODE,200648,2, (IPC)
AGV_NODE,200649,2, (IPC)
AGV_NODE,200650,2, (IPC)
AGV_NODE,200651,2, (IPC)
AGV_NODE,200652,2, (IPC)
AGV_NODE,200653,2, (IPC)
AGV_NODE,200654,2, (IPC)
AGV_NODE,200655,2, (IPC)
AGV_NODE,200656,2, (IPC)
AGV_NODE,200657,2, (IPC)
AGV_NODE,200658,2, (IPC)
AGV_NODE,200659,2, (IPC)
AGV_NODE,200660,1, Agv already have a transfer command on middler get new transfer command. (IPC)
AGV_NODE,200661,1, Watch low power thread is charging can't do new transfer command. (IPC)
AGV_NODE,200662,1, Loading is off after load finished. (IPC)
AGV_NODE,200663,1, Carrier ID is EMPTY after load finished. (IPC)
AGV_NODE,200664,1, Carrier ID is ERROR after load finished. (IPC)
AGV_NODE,200665,1, Loading is ON after unload finished. (IPC)
AGV_NODE,200666,1, Fork command is exist before unload. (IPC)
AGV_NODE,200667,1, Vehicle is not in unload position and cannot unload. (IPC)
AGV_NODE,200668,1, Fork command is exist before load. (IPC)
AGV_NODE,200669,1, Vehicle is not in guide sections. (IPC)
AGV_NODE,200670,1, This address is a couple but no charge direction. (IPC)
AGV_NODE,200671,1, Charging is OFF after send start charge command to plc. (IPC)
AGV_NODE,200672,1, Charging is ON after send stop charge command to plc. (IPC)
AGV_NODE,200673,1, Vehicle is not in load position and cannot load. (IPC)
AGV_NODE,200674,1, Vehicle already have cassette cannot load. (IPC)
AGV_NODE,200675,1, Vehicle has no cassette to unload. (IPC)
AGV_NODE,200676,1, AgvcMoveCommand is not match the map to move. (IPC)
AGV_NODE,200677,1, Vehicle has no command to override. (IPC)
AGV_NODE,200678,1, Vehicle is not in moving-step. (IPC)
AGV_NODE,200679,1, Vehicle has next reserve to go. (IPC)
AGV_NODE,200680,1, Unload address unmatch current command unload address. (IPC)
AGV_NODE,200681,1, Load address unmatch current command load address. (IPC)
AGV_NODE,200682,1, ToUnloadSections is empty. (IPC)
AGV_NODE,200683,1, ToLoadSections is empty. (IPC)
AGV_NODE,200684,1, Vehicle can not do override. (IPC)
AGV_NODE,200685,1, Vehicle can not pause. (IPC)
AGV_NODE,200686,1, Carrier ID is mismatch after load finished. (IPC)
AGV_NODE,200687,1, Carrier ID read reply is timeout (IPC)
AGV_NODE,200688,1, Vehicle has 2 cannot do transfer command. (IPC)
AGV_NODE,200689,2, (IPC)
AGV_NODE,200690,2, (IPC)
AGV_NODE,200691,2, (IPC)
AGV_NODE,200692,2, (IPC)
AGV_NODE,200693,2, (IPC)
AGV_NODE,200694,2, (IPC)
AGV_NODE,200695,2, (IPC)
AGV_NODE,200696,2, (IPC)
AGV_NODE,200697,2, (IPC)
AGV_NODE,200698,2, (IPC)
AGV_NODE,200699,2, (IPC)
AGV_NODE,200700,2, (IPC)
AGV_NODE,200701,2, (IPC)
AGV_NODE,200702,2, (IPC)
AGV_NODE,200703,2, (IPC)
AGV_NODE,200704,2, (IPC)
AGV_NODE,200705,2, (IPC)
AGV_NODE,200706,2, (IPC)
AGV_NODE,200707,2, (IPC)
AGV_NODE,200708,2, (IPC)
AGV_NODE,200709,2, (IPC)
AGV_NODE,200710,2, (IPC)
AGV_NODE,200711,2, (IPC)
AGV_NODE,200712,2, (IPC)
AGV_NODE,200713,2, (IPC)
AGV_NODE,200714,2, (IPC)
AGV_NODE,200715,2, (IPC)
AGV_NODE,200716,2, (IPC)
AGV_NODE,200717,2, (IPC)
AGV_NODE,200718,2, (IPC)
AGV_NODE,200719,2, (IPC)
AGV_NODE,200720,2, (IPC)
AGV_NODE,200721,2, (IPC)
AGV_NODE,200722,2, (IPC)
AGV_NODE,200723,2, (IPC)
AGV_NODE,200724,2, (IPC)
AGV_NODE,200725,2, (IPC)
AGV_NODE,200726,2, (IPC)
AGV_NODE,200727,2, (IPC)
AGV_NODE,200728,2, (IPC)
AGV_NODE,200729,2, (IPC)
AGV_NODE,200730,2, (IPC)
AGV_NODE,200731,2, (IPC)
AGV_NODE,200732,2, (IPC)
AGV_NODE,200733,2, (IPC)
AGV_NODE,200734,2, (IPC)
AGV_NODE,200735,2, (IPC)
AGV_NODE,200736,2, (IPC)
AGV_NODE,200737,2, (IPC)
AGV_NODE,200738,2, (IPC)
AGV_NODE,200739,2, (IPC)
AGV_NODE,200740,2, Axis ErrorCode (IPC)
AGV_NODE,200741,2, TR Instant GT Moving (IPC)
AGV_NODE,200742,2, R2000 cornering too slowly (IPC)
AGV_NODE,200743,2, Deceleration instruction
AGV_NODE,200744,2, MoveControl main Thread Excption (IPC)
AGV_NODE,200745,2, (IPC)
AGV_NODE,200746,2, (IPC)
AGV_NODE,200747,2, (IPC)
AGV_NODE,200748,2, (IPC)
AGV_NODE,200749,2, (IPC)
AGV_NODE,200750,2, (IPC)
AGV_NODE,200751,2, (IPC)
AGV_NODE,200752,2, (IPC)
AGV_NODE,200753,2, (IPC)
AGV_NODE,200754,2, (IPC)
AGV_NODE,200755,2, (IPC)
AGV_NODE,201001,2, Maintain Mode
AGV_NODE,201002,2, IPC Not Ready
AGV_NODE,201003,2, 
AGV_NODE,201004,2, 
AGV_NODE,201005,2, Notification preparation and maintenance
AGV_NODE,201006,2, Driver Battery Low
AGV_NODE,201007,2, PLC Battery Low
AGV_NODE,201008,2, CC-Link Master
AGV_NODE,201009,2, 
AGV_NODE,201010,2, Fork Command NG
AGV_NODE,201011,2, Fork Command Idle
AGV_NODE,201012,2, 
AGV_NODE,201013,2, 
AGV_NODE,201014,2, 
AGV_NODE,201015,2, 
AGV_NODE,201016,2, 
AGV_NODE,201017,2, 
AGV_NODE,201018,2, 
AGV_NODE,201019,2, ET2 Fork Teaching Report
AGV_NODE,201020,2, ET2 Index Timeout
AGV_NODE,201021,2, ET3 Vehicle Teaching Report
AGV_NODE,201022,2, ET3 Index Timeout
AGV_NODE,201023,2, ET4 Fork Alignment Teching Report
AGV_NODE,201024,2, ET4 Index Timeout
AGV_NODE,201025,2, 
AGV_NODE,201026,2, ES3 Index Timeout
AGV_NODE,201027,2, 
AGV_NODE,201028,2, 
AGV_NODE,201029,2, 
AGV_NODE,201030,1, 
AGV_NODE,201031,1, 
AGV_NODE,201032,1, 
AGV_NODE,201033,1, 
AGV_NODE,201034,1, 
AGV_NODE,201035,1, 
AGV_NODE,201036,1, 
AGV_NODE,201037,1, 
AGV_NODE,201038,1, 
AGV_NODE,201039,1, 
AGV_NODE,201040,2, Vehicle Battery Setting status (None)
AGV_NODE,201041,2, Vehicle BMS High Battery 1ning
AGV_NODE,201042,2, Vehicle BMS Low Battery 1ning
AGV_NODE,201043,2, 
AGV_NODE,201044,2, 
AGV_NODE,201045,2, 
AGV_NODE,201046,2, 
AGV_NODE,201047,2, 
AGV_NODE,201048,2, 
AGV_NODE,201049,2, 
AGV_NODE,201050,2, Alignment Disable
AGV_NODE,201051,2, Stage Sensor Disable
AGV_NODE,201052,2, Fork Sensor Disable
AGV_NODE,201053,2, Fork Sensor (Double Box) L Side Disable
AGV_NODE,201054,2, Fork Sensor (Double) R Side Disable
AGV_NODE,201055,2, Bump Disable
AGV_NODE,201056,2, 
AGV_NODE,201057,2, IPC Stop Command Disable
AGV_NODE,201058,2, 
AGV_NODE,201059,2, 
AGV_NODE,201060,2, 
AGV_NODE,201061,2, 
AGV_NODE,201062,2, 
AGV_NODE,201063,2, 
AGV_NODE,201064,2, 
AGV_NODE,201065,2, 
AGV_NODE,201066,2, 
AGV_NODE,201067,2, 
AGV_NODE,201068,2, 
AGV_NODE,201069,2, 
AGV_NODE,201070,2, Beam Sensor_FUR 1ning
AGV_NODE,201071,2, Beam Sensor_FUL 1ning
AGV_NODE,201072,2, Beam Sensor_FDR 1ning
AGV_NODE,201073,2, Beam Sensor_FDC 1ning
AGV_NODE,201074,2, Beam Sensor_FDL 1ning
AGV_NODE,201075,2, Beam Sensor_BUR 1ning
AGV_NODE,201076,2, Beam Sensor_BUL 1ning
AGV_NODE,201077,2, Beam Sensor_BDR 1ning
AGV_NODE,201078,2, Beam Sensor_BDC 1ning
AGV_NODE,201079,2, Beam Sensor_BDL 1ning
AGV_NODE,201080,2, Beam Sensor_LUR 1ning
AGV_NODE,201081,2, Beam Sensor_LUL 1ning
AGV_NODE,201082,2, Beam Sensor_LDR 1ning
AGV_NODE,201083,2, Beam Sensor_LDL 1ning
AGV_NODE,201084,2, Beam Sensor_LUC 1ning
AGV_NODE,201085,2, Beam Sensor_RUR 1ning
AGV_NODE,201086,2, Beam Sensor_RUL 1ning
AGV_NODE,201087,2, Beam Sensor_RDR 1ning
AGV_NODE,201088,2, Beam Sensor_RDL 1ning
AGV_NODE,201089,2, Beam Sensor_RUC 1ning
AGV_NODE,201090,2, 
AGV_NODE,201091,2, 
AGV_NODE,201092,2, 
AGV_NODE,201093,2, 
AGV_NODE,201094,2, 
AGV_NODE,201095,2, 
AGV_NODE,201096,2, 
AGV_NODE,201097,2, 
AGV_NODE,201098,2, 
AGV_NODE,201099,2, 
AGV_NODE,201100,2, Teach_box _FU 1ning
AGV_NODE,201101,2, Teach_box _BU 1ning
AGV_NODE,201102,2, Brake release _FU 1ning
AGV_NODE,201103,2, Brake release _BU 1ning
AGV_NODE,201104,2, 
AGV_NODE,201105,2, 
AGV_NODE,201106,2, 
AGV_NODE,201107,2, 
AGV_NODE,201108,2, 
AGV_NODE,201109,2, 
AGV_NODE,201110,2, Meter Communication Timeout
AGV_NODE,201111,2, Meter Communication Error
AGV_NODE,201112,1, Charger Station Error
AGV_NODE,201113,2, 
AGV_NODE,201114,2, 
AGV_NODE,201115,2, GOTECH Battery Communication Timeout
AGV_NODE,201116,2, GOTECH Battery Communication NG
AGV_NODE,201117,2, 
AGV_NODE,201118,2, 
AGV_NODE,201119,2, 
AGV_NODE,201120,2, 
AGV_NODE,201121,2, 
AGV_NODE,201122,2, 
AGV_NODE,201123,2, 
AGV_NODE,201124,2, 
AGV_NODE,201125,2, 
AGV_NODE,201126,2, 
AGV_NODE,201127,2, 
AGV_NODE,201128,2, 
AGV_NODE,201129,2, 
AGV_NODE,201130,2, 
AGV_NODE,201131,2, 
AGV_NODE,201132,2, 
AGV_NODE,201133,2, 
AGV_NODE,201134,2, 
AGV_NODE,201135,1, LiDAR_F 2
AGV_NODE,201136,1, LiDAR_F Fault
AGV_NODE,201137,1, LiDAR_B 2
AGV_NODE,201138,1, LiDAR_B Fault
AGV_NODE,201139,2, 
AGV_NODE,201140,2, 
AGV_NODE,201141,2, 
AGV_NODE,201142,2, 
AGV_NODE,201143,2, 
AGV_NODE,201144,2, 
AGV_NODE,201145,2, 
AGV_NODE,201146,2, 
AGV_NODE,201147,2, 
AGV_NODE,201148,2, 
AGV_NODE,201149,2, 
AGV_NODE,201150,1, Interface T1 Timeout (L Side)
AGV_NODE,201151,1, Interface T2 Timeout (L Side)
AGV_NODE,201152,1, Interface T3 Timeout (L Side)
AGV_NODE,201153,2, Interface T4 Timeout (L Side)
AGV_NODE,201154,2, Interface T5 Timeout (L Side)
AGV_NODE,201155,2, Interface T6 Timeout (L Side)
AGV_NODE,201156,2, Interface T7 Timeout (L Side)
AGV_NODE,201157,2, Interface T8 Timeout (L Side)
AGV_NODE,201158,1, Interface Signal On (L Side)
AGV_NODE,201159,2, Ready Signal Off (L Side)
AGV_NODE,201160,1, Interface T1 Timeout (R Side)
AGV_NODE,201161,1, Interface T2 Timeout (R Side)
AGV_NODE,201162,1, Interface T3 Timeout (R Side)
AGV_NODE,201163,2, Interface T4 Timeout (R Side)
AGV_NODE,201164,2, Interface T5 Timeout (R Side)
AGV_NODE,201165,2, Interface T6 Timeout (R Side)
AGV_NODE,201166,2, Interface T7 Timeout (R Side)
AGV_NODE,201167,2, Interface T8 Timeout (R Side)
AGV_NODE,201168,1, Interface Signal On (R Side)
AGV_NODE,201169,2, Ready Signal Off (R Side)
AGV_NODE,201180,1, PrePIO fail
AGV_NODE,201181,1, Busy fail.
AGV_NODE,201182,1, PostPIO fail.
AGV_NODE,201200,1,W1200:(IPC)Agv already have a transfer command on middler get new transfer command.
AGV_NODE,201201,1,W1201:(IPC)Watch low power thread is charging can't do new transfer command.
AGV_NODE,201202,1,W1202:(IPC)Loading is off after load finished.
AGV_NODE,201203,1,W1203:(IPC)Carrier ID is EMPTY after load finished.
AGV_NODE,201204,1,W1204:(IPC)Carrier ID is ERROR after load finished.
AGV_NODE,201205,1,W1205:(IPC)Move finish fail.
AGV_NODE,201206,1,W1206:(IPC)Loading is ON after unload finished.
AGV_NODE,201207,1,W1207:(IPC)Fork command is exist before unload.
AGV_NODE,201208,1,W1208:(IPC)Vehicle is not in unload position and cannot unload.
AGV_NODE,201209,1,W1209:(IPC)Fork command is exist before load.
AGV_NODE,201210,1,W1210:(IPC)Vehicle is not in guide sections.
AGV_NODE,201211,1,W1211:(IPC)This address is a couple but no charge direction.
AGV_NODE,201212,1,W1212:(IPC)Charging is OFF after send start charge command to plc.
AGV_NODE,201213,1,W1213:(IPC)Vehicle is not in load position and cannot load.
AGV_NODE,201214,1,W1214:(IPC)Vehicle already have cassette cannot load.
AGV_NODE,201215,1,W1215:(IPC)Vehicle has no cassette to unload.
AGV_NODE,201216,1,W1216:(IPC)AgvcMoveCommand is not match the map to move.
AGV_NODE,201217,1,W1217:(IPC)Vehicle is not in transfer reject override.
AGV_NODE,201218,1,W1218:(IPC)Vehicle is not in moving-step reject override.
AGV_NODE,201219,1,W1219:(IPC)Vehicle is not pause by reserve reject override.
AGV_NODE,201220,1,W1220:(IPC)Unload address unmatch current command unload address.
AGV_NODE,201221,1,W1221:(IPC)Load address unmatch current command load address.
AGV_NODE,201222,1,W1222:(IPC)ToUnloadSections is empty.
AGV_NODE,201223,1,W1223:(IPC)ToLoadSections is empty.
AGV_NODE,201224,1,W1224:(IPC)Exception happened in override-check.
AGV_NODE,201225,1,W1225:(IPC)Carrier ID is mismatch after load finished.
AGV_NODE,201226,1,W1226:(IPC)Carrier ID read reply is timeout
AGV_NODE,201227,1,W1227:(IPC)Vehicle has alarm cannot do transfer command.
AGV_NODE,201228,1,W1228:(IPC)MoveControl status is not idle cannot switch to auto mode.
AGV_NODE,201229,1,W1229:(IPC)Real position is null cannot switch to auto mode.
AGV_NODE,201230,1,W1230:(IPC)Vehicle is not in transfer reject avoid.
AGV_NODE,201231,1,W1231:(IPC)Vehicle is not in moving-step reject avoid.
AGV_NODE,201232,1,W1232:(IPC)Vehicle is not pause by reserve reject avoid.
AGV_NODE,201233,1,W1233:(IPC)Exception happened in avoid-check.
AGV_NODE,201234,1,W1234:(IPC)Interlock Error
AGV_NODE,201235,1,W1235:(IPC)SendWaitTimeout
AGV_NODE,201236,1,W1236:(IPC)PositionError
AGV_NODE,201237,1,W1237:(IPC)SR2000-L¸ê®Æ®æ¦¡¿ù»~
AGV_NODE,201238,1,W1238:(IPC)SR2000-R¸ê®Æ®æ¦¡¿ù»~
AGV_NODE,201239,1,W1239:(IPC)TRÀþ¶¡GT Moving
AGV_NODE,201240,1,W1240:(IPC)Send PLC to Stop AGV
AGV_NODE,201241,1,W1241:(IPC)Reserve : Get Reserve with MoveControl Idle
AGV_NODE,201242,1,W1242:(IPC)Reserve : Get Reserve position not math
AGV_NODE,201243,1,W1243:(IPC)STurn : AGV turning with GroupTurn not Ready
AGV_NODE,201244,1,W1244:(IPC)SecondCorrection : Disable Timeout
AGV_NODE,201245,1,W1245:(IPC)MotionDriver Axis Error
AGV_NODE,201246,1,W1246:(IPC)MotionDriver Axis XFL Error
AGV_NODE,201247,1,W1247:(IPC)MotionDriver Axis XFR Error
AGV_NODE,201248,1,W1248:(IPC)MotionDriver Axis XRL Error
AGV_NODE,201249,1,W1249:(IPC)MotionDriver Axis XRR Error
AGV_NODE,201250,1,W1250:(IPC)MotionDriver Axis TFL Error
AGV_NODE,201251,1,W1251:(IPC)MotionDriver Axis TFR Error
AGV_NODE,201252,1,W1252:(IPC)MotionDriver Axis TRL Error
AGV_NODE,201253,1,W1253:(IPC)MotionDriver Axis TRR Error
AGV_NODE,201254,1,W1254:(IPC)MotionDriver Axis VXFL Error
AGV_NODE,201255,1,W1255:(IPC)MotionDriver Axis VXFR Error
AGV_NODE,201256,1,W1256:(IPC)MotionDriver Axis VXRL Error
AGV_NODE,201257,1,W1257:(IPC)MotionDriver Axis VXRR Error
AGV_NODE,201258,1,W1258:(IPC)MotionDriver Axis VTFL Error
AGV_NODE,201259,1,W1259:(IPC)MotionDriver Axis VTFR Error
AGV_NODE,201260,1,W1260:(IPC)MotionDriver Axis VTRL Error
AGV_NODE,201261,1,W1261:(IPC)MotionDriver Axis VTRR Error
AGV_NODE,201262,1,W1262:(IPC)MotionDriver Axis XFL Error
AGV_NODE,201263,1,W1263:(IPC)MotionDriver Axis XFL Error
AGV_NODE,201264,1,W1264:(IPC)LocateDriver_BarcodeMapSystem LON Exception
AGV_NODE,201265,1,W1265:(IPC)LocateDriver_BarcodeMapSystem Error
AGV_NODE,201266,1,W1266:(IPC)LocateDriver_SLAM_Sick wrong locate
AGV_NODE,201267,1,W1267:(IPC)CreateMoveCommandList Fail
AGV_NODE,201268,1,W1268:(IPC)Can't Override : Can't Pause now
AGV_NODE,201269,1,W1269:(IPC)Can't Auto : MoveControl Status is not Idle
AGV_NODE,201270,1,W1270:(IPC)Can't Auto : Motion Driver Disconnect
AGV_NODE,201271,1,W1271:(IPC)Can't Auto : MoveCommandControl Intail Fail
AGV_NODE,201272,1,W1272:(IPC)Can't Auto : Closing program
AGV_NODE,201273,1,W1273:(IPC)Can't Auto : Axis Error
AGV_NODE,201274,1,W1274:(IPC)Can't Auto : Wait ResetAlarm Finish
AGV_NODE,201275,1,W1275:(IPC)Can't Auto : JogPitch Action
AGV_NODE,201276,1,W1276:(IPC)Can't Auto : LocateControl Intail Fail
AGV_NODE,201277,1,W1277:(IPC)Can't Auto : Locate Driver Disconnect
AGV_NODE,201278,1,W1278:(IPC)Can't Auto : Locate Driver Error
AGV_NODE,201279,1,W1279:(IPC)Can't Auto : AutoAction Fail
AGV_NODE,201280,1,W1280:(IPC)Reject Move Command : MovecmdInfo data error
AGV_NODE,201281,1,W1281:(IPC)
AGV_NODE,201282,1,W1282:(IPC)Reject Move Command : MoveControl Status is not Idle
AGV_NODE,201283,1,W1283:(IPC)Reject Move Command : Charging
AGV_NODE,201284,1,W1284:(IPC)Reject Move Command : Fork isn't on Auto Status
AGV_NODE,201285,1,W1285:(IPC)Reject Move Command : MoveControl driver disconnect
AGV_NODE,201286,1,W1286:(IPC)Reject Move Command : No current coordinates
AGV_NODE,201287,1,W1287:(IPC)Reject Move Command : Not is start position
AGV_NODE,201288,1,W1288:(IPC)Reject Move Command : Not is start AGV angle
AGV_NODE,201289,1,W1289:(IPC)Reject Move Command : in cancel flow
AGV_NODE,201290,1,W1290:(IPC)Reject Move Command : in AutoRetry flow
AGV_NODE,201291,1,W1291:(IPC)Can't Reset Alarm : Main Flow Exception
AGV_NODE,201292,1,W1292:(IPC)Can't Reset Alarm : stop in turn flow
AGV_NODE,201293,1,W1293:(IPC)Can't Reset Alarm : vehicle not in section
AGV_NODE,201294,1,W1294:(IPC)Can't Reset Alarm : Locate Control Error
AGV_NODE,201295,1,W1295:(IPC)Can't Reset Alarm : Motion Control Error
AGV_NODE,201296,1,W1296:(IPC)Can't AutoReset : Special Alarm
AGV_NODE,201297,1,W1297:(IPC)Elmo Alarm
AGV_NODE,201298,1,W1298:(IPC)Batterys Charging Time Out
AGV_NODE,10000,2,Long time inaction
AGV_NODE,10001,2,Can not service
ChargerM,1,2,A0001:Main box emergency stop
ChargerM,2,2,A0002:
ChargerM,3,2,A0003:
ChargerM,4,2,A0004:
ChargerM,5,2,A0005:
ChargerM,6,2,A0006:
ChargerM,7,2,A0007:
ChargerM,8,2,A0008:
ChargerM,9,2,A0009:
ChargerM,10,2,A0010:
ChargerM,11,2,A0011:
ChargerM,12,2,A0012:
ChargerM,13,2,A0013:
ChargerM,14,2,A0014:
ChargerM,15,2,A0015:
ChargerM,16,2,A0016:
ChargerM,17,2,A0017:
ChargerM,18,2,A0018:
ChargerM,19,2,A0019:
ChargerM,20,2,A0020:
ChargerM,21,2,A0021:
ChargerM,22,2,A0022:
ChargerM,23,2,A0023:
ChargerM,24,2,A0024:
ChargerM,25,2,A0025:
ChargerM,26,2,A0026:
ChargerM,27,2,A0027:
ChargerM,28,2,A0028:
ChargerM,29,2,A0029:
ChargerM,30,2,A0030:
ChargerM,31,2,A0031:
Charger1,32,2,A0032:Coupler01 charge time out
Charger1,33,2,A0033:Coupler01 motor front end sensor error
Charger1,34,2,A0034:Coupler01 motor rear end sensor error
Charger1,35,2,A0035:Coupler01 Motor error
Charger1,36,2,A0036:Charger01 Charger  error
Charger1,37,2,A0037:Charger01 Charger  communication error
Charger1,38,2,A0038:Coupler01  Measuring without voltage
Charger1,39,2,A0039:Coupler01 coupler in a position
Charger1,40,2,A0040:Charger01 command tome out
Charger1,41,2,A0041:Charger01 manual switch ON
Charger1,42,2,A0042:
Charger1,43,2,A0043:
Charger1,44,2,A0044:
Charger1,45,2,A0045:Charger01 charge current error
Charger1,46,2,A0046:Charger01 charger setting error
Charger1,47,2,A0047:
Charger1,48,2,A0048:
Charger1,49,2,A0049:
Charger1,50,2,A0050:
Charger1,51,2,A0051:
Charger1,52,2,A0052:
Charger1,53,2,A0053:
Charger1,54,2,A0054:
Charger1,55,2,A0055:
Charger1,56,2,A0056:
Charger1,57,2,A0057:
Charger1,58,2,A0058:
Charger1,59,2,A0059:
Charger1,60,2,A0060:
Charger1,61,2,A0061:
Charger1,62,2,A0062:
Charger1,63,2,A0063:
Charger2,64,2,A0064:Coupler02 charge time out
Charger2,65,2,A0065:Coupler02 motor front end sensor error
Charger2,66,2,A0066:Coupler02 motor rear end sensor error
Charger2,67,2,A0067:Coupler02 Motor error
Charger2,68,2,A0068:Charger02 Charger  error
Charger2,69,2,A0069:Charger02 Charger  communication error
Charger2,70,2,A0070:Coupler02  Measuring without voltage
Charger2,71,2,A0071:Coupler02 coupler in a position
Charger2,72,2,A0072:Charger02 command tome out
Charger2,73,2,A0073:Charger02 manual switch ON
Charger2,74,2,A0074:
Charger2,75,2,A0075:
Charger2,76,2,A0076:
Charger2,77,2,A0077:Charger02 charge current error
Charger2,78,2,A0078:Charger02 charger setting error
Charger2,79,2,A0079:
Charger2,80,2,A0080:
Charger2,81,2,A0081:
Charger2,82,2,A0082:
Charger2,83,2,A0083:
Charger2,84,2,A0084:
Charger2,85,2,A0085:
Charger2,86,2,A0086:
Charger2,87,2,A0087:
Charger2,88,2,A0088:
Charger2,89,2,A0089:
Charger2,90,2,A0090:
Charger2,91,2,A0091:
Charger2,92,2,A0092:
Charger2,93,2,A0093:
Charger2,94,2,A0094:
Charger2,95,2,A0095:
Charger3,96,2,A0096:Coupler03 charge time out
Charger3,97,2,A0097:Coupler03 motor front end sensor error
Charger3,98,2,A0098:Coupler03 motor rear end sensor error
Charger3,99,2,A0099:Coupler03 Motor error
Charger3,100,2,A0100:Charger03 Charger  error
Charger3,101,2,A0101:Charger03 Charger  communication error
Charger3,102,2,A0102:Coupler03  Measuring without voltage
Charger3,103,2,A0103:Coupler03 coupler in a position
Charger3,104,2,A0104:Charger03 command tome out
Charger3,105,2,A0105:Charger03 manual switch ON
Charger3,106,2,A0106:
Charger3,107,2,A0107:
Charger3,108,2,A0108:
Charger3,109,2,A0109:Charger03 charge current error
Charger3,110,2,A0110:Charger03 charger setting error
Charger3,111,2,A0111:
Charger3,112,2,A0112:
Charger3,113,2,A0113:
Charger3,114,2,A0114:
Charger3,115,2,A0115:
Charger3,116,2,A0116:
Charger3,117,2,A0117:
Charger3,118,2,A0118:
Charger3,119,2,A0119:
Charger3,120,2,A0120:
Charger3,121,2,A0121:
Charger3,122,2,A0122:
Charger3,123,2,A0123:
Charger3,124,2,A0124:
Charger3,125,2,A0125:
Charger3,126,2,A0126:
Charger3,127,2,A0127:
Charger4,128,2,A0128:Coupler04 charge time out
Charger4,129,2,A0129:Coupler04 motor front end sensor error
Charger4,130,2,A0130:Coupler04 motor rear end sensor error
Charger4,131,2,A0131:Coupler04 Motor error
Charger4,132,2,A0132:Charger04 Charger  error
Charger4,133,2,A0133:Charger04 Charger  communication error
Charger4,134,2,A0134:Coupler04  Measuring without voltage
Charger4,135,2,A0135:Coupler04 coupler in a position
Charger4,136,2,A0136:Charger04 command tome out
Charger4,137,2,A0136:Charger04 manual switch ON
Charger4,138,2,A0138:
Charger4,139,2,A0139:
Charger4,140,2,A0140:
Charger4,141,2,A0141:Charger04 charge current error
Charger4,142,2,A0142:Charger04 charger setting error
Charger4,143,2,A0143:
Charger4,144,2,A0144:
Charger4,145,2,A0145:
Charger4,146,2,A0146:
Charger4,147,2,A0147:
Charger4,148,2,A0148:
Charger4,149,2,A0149:
Charger4,150,2,A0150:
Charger4,151,2,A0151:
Charger4,152,2,A0152:
Charger4,153,2,A0153:
Charger4,154,2,A0154:
Charger4,155,2,A0155:
Charger4,156,2,A0156:
Charger4,157,2,A0157:
Charger4,158,2,A0158:
Charger4,159,2,A0159:
Charger5,160,2,A0160:Coupler05 charge time out
Charger5,161,2,A0161:Coupler05 motor front end sensor error
Charger5,162,2,A0162:Coupler05 motor rear end sensor error
Charger5,163,2,A0163:Coupler05 Motor error
Charger5,164,2,A0164:Charger01 Charger  error
Charger5,165,2,A0165:Charger01 Charger  communication error
Charger5,166,2,A0166:Coupler05  Measuring without voltage
Charger5,167,2,A0167:Coupler05 coupler in a position
Charger5,168,2,A0168:Charger05 command tome out
Charger5,169,2,A0169:Charger05 manual switch ON
Charger5,169,2,A0170:
Charger5,169,2,A0171:
Charger5,169,2,A0172:
Charger5,169,2,A0173:Charger01 charge current error
Charger5,169,2,A0174:Charger01 charger setting error
Charger5,169,2,A0175: